,title,regular_price,discount_price,product_url,add_button_url
0,Acer A315-23-A7KD,17.590 ден,,https://clevershop.mk/product/acer-a315-23-a7kd/,?add-to-cart=21494
1,Acer A315-23-R5P2,27.490 ден,,https://clevershop.mk/product/acer-a315-23-r5p2/,?add-to-cart=21510
2,ACER Aspire 1 A115-22,18.999 ден,15.999 ден,https://clevershop.mk/product/acer-aspire-1-nx-a7pex-001/,?add-to-cart=20826
3,Acer Aspire 3 A315-23-R26A,29.990 ден,,https://clevershop.mk/product/acer-aspire-3-a315-23-r26a/,?add-to-cart=21516
4,Acer Aspire 3 A315-58-33WK,24.490 ден,,https://clevershop.mk/product/21498/,?add-to-cart=21498
5,Acer Aspire 3 A315-58-33WK,25.990 ден,,https://clevershop.mk/product/acer-aspire-3-a315-58-33wk/,?add-to-cart=21506
6,ACER Aspire 5 (A515-56-35KA),23.990 ден,,https://clevershop.mk/product/acer-aspire-5-a515-56-35ka/,?add-to-cart=21693
7,ACER ASPIRE 5 A515-45,29.990 ден,,https://clevershop.mk/product/acer-aspire-5-a515-45/,?add-to-cart=21523
8,Acer Aspire 5 A515-45-R07Y Silver,24.990 ден,,https://clevershop.mk/product/acer-aspire-5-a515-45-r07y-silver/,?add-to-cart=21501
9,Acer Aspire 5 A515-45-R1FG,36.990 ден,,https://clevershop.mk/product/acer-aspire-5-a515-45-r1fgnx-a7yex-005/,?add-to-cart=18324
10,Acer Aspire 5 A515-56,42.490 ден,,https://clevershop.mk/product/acer-aspire-5-a515-56-nx-a1eex-001/,?add-to-cart=18498
11,Acer Aspire 5 A515-56-3456 Silver,23.990 ден,,https://clevershop.mk/product/acer-aspire-5-a515-56-3456-silver/,?add-to-cart=21690
12,"ACER Aspire 7 (A715-41G-R24S), Black",42.990 ден,,https://clevershop.mk/product/acer-aspire-7-a715-41g-r24s-black/,?add-to-cart=21695
13,Acer Aspire 7 A715-42G-R16C,54.490 ден,48.490 ден,https://clevershop.mk/product/acer-aspire-7-a715-42g-r16c-nh-qe5ex-003/,?add-to-cart=18506
14,ACER ED270RPBIIPX 27′ LED VA FHD,14.490 ден,,https://clevershop.mk/product/acer-ed270rpbiipx-27-led-va-fhd/,?add-to-cart=21728
15,ACER ED273BBMIIX 27′ LED VA FHD,11.990 ден,,https://clevershop.mk/product/acer-ed273bbmiix-27-led-va-fhd/,?add-to-cart=21734
16,ACER ED323QURABIDPX 32” LED VA WQHD,20.990 ден,,https://clevershop.mk/product/acer-ed323qurabidpx-32-led-va-wqhd/,?add-to-cart=21737
17,ACER K272HLEbid 27” LED VA FHD,9.690 ден,,https://clevershop.mk/product/21743/,?add-to-cart=21743
18,"ACER LED 19.5”, V206HQLAB, Wide",5.290 ден,,https://clevershop.mk/product/acer-led-19-5-v206hqlab-wide/,?add-to-cart=21750
19,"ACER LED, 21.5” V226HQLBbi",6.290 ден,,https://clevershop.mk/product/acer-led-21-5-v226hqlbbi/,?add-to-cart=21755
20,ACER Nitro 5 (AN515-57-53A7),51.990 ден,,https://clevershop.mk/product/acer-nitro-5-an515-57-53a7/,?add-to-cart=21706
21,Acer Nitro 5 (AN515-57-53AE),47.990 ден,,https://clevershop.mk/product/acer-nitro-5-an515-57/,?add-to-cart=21716
22,Acer Nitro 5 (AN515-57-76C9),60.990 ден,,https://clevershop.mk/product/acer-nitro-5-an515-57-2/,?add-to-cart=21718
23,Acer Nitro 5 Gaming AN515-45,71.990 ден,,https://clevershop.mk/product/acer-nitro-5-gaming-an515-45/,?add-to-cart=21406
24,Acer Nitro 5 Gaming AN515-45,66.990 ден,,https://clevershop.mk/product/acer-nitro-5-gaming-an515-45-2/,?add-to-cart=21410
25,Acer Nitro 5 Gaming AN517-41,73.990 ден,,https://clevershop.mk/product/acer-nitro-5-gaming-an517-41/,?add-to-cart=21316
26,"ACER Nitro KG272UBMIIPX, 27″ LED IPS WQHD",16.990 ден,,https://clevershop.mk/product/acer-nitro-kg272ubmiipx-27-led-ips-wqhd/,?add-to-cart=21758
27,Acer Nitro N50-640,64.990 ден,,https://clevershop.mk/product/21720/,?add-to-cart=21720
28,ACER NITRO N50-640,82.990 ден,,https://clevershop.mk/product/acer-nitro-n50-640/,?add-to-cart=21726
29,"ACER Nitro VG240YBMIIX, 24″ LED IPS FHD",10.490 ден,,https://clevershop.mk/product/acer-nitro-vg240ybmiix-24-led-ips-fhd/,?add-to-cart=21764
30,"ACER Nitro VG270BMIIX, 27″ LED IPS FHD",12.990 ден,,https://clevershop.mk/product/acer-nitro-vg270bmiix-27-led-ips-fhd/,?add-to-cart=21771
31,Acer Predator Helios 300 PH315-54,67.990 ден,,https://clevershop.mk/product/predator-helios-300-ph315-54/,?add-to-cart=21392
32,ACER Predator Helios 300 PH315-54-732Y,103.990 ден,,https://clevershop.mk/product/acer-predator-helios-300-ph315-54-732y/,?add-to-cart=21403
33,Acer Predator Helios 300 PH315-54-75YK,83.990 ден,,https://clevershop.mk/product/acer-predator-helios-300-ph315-54-75yk/,?add-to-cart=21401
34,Acer Predator Helios 300 PH315-54-945Y,96.990 ден,,https://clevershop.mk/product/acer-predator-helios-300-ph315-54-945y/,?add-to-cart=21398
35,Acer Predator Helios 300 PH315-54-949Y,89.990 ден,,https://clevershop.mk/product/acer-predator-helios-300-ph315-54-949y/,?add-to-cart=21396
36,ACER Predator Helios 300 PH317-55-962G,114.990 ден,,https://clevershop.mk/product/acer-predator-helios-300-ph317-55-962g/,?add-to-cart=21412
37,Acer Swift 3 SF314-43,31.990 ден,,https://clevershop.mk/product/acer-swift-3-sf314-43/,?add-to-cart=21528
38,Acer Swift 3 SF314-43,34.990 ден,,https://clevershop.mk/product/acer-swift-3-sf314-43-2/,?add-to-cart=21536
39,ACER Swift 3 SF314-511-56XT ( Silver ),29.990 ден,,https://clevershop.mk/product/acer-sf314-43-r2f9-nx-ab1ex-003/,?add-to-cart=20829
40,"Acer Swift 3 SF314-511-56XT, Silver",39.990 ден,,https://clevershop.mk/product/acer-swift-3-sf314-511-56xt-silver/,?add-to-cart=21702
41,Apple iPad 2020 32GB WiFi Space Gray,27.990 ден,,https://clevershop.mk/product/apple-ipad-2020-32gb-wifi-space-gray/,?add-to-cart=17828
42,Apple iPad Air (2020) 64GB 4GB RAM,39.590 ден,,https://clevershop.mk/product/apple-ipad-air-2020-64gb-4gb-ram/,?add-to-cart=18811
43,Apple iPad Air 2020 WIFI only 256GB blue,51.990 ден,,https://clevershop.mk/product/apple-ipad-air-2020-wifi-only-256gb-blue/,?add-to-cart=17834
44,Apple iPad Pro 11 (2021) 128GB 8GB RAM,63.990 ден,,https://clevershop.mk/product/apple-ipad-pro-11-2021-128gb-8gb-ram/,?add-to-cart=21013
45,Apple iPad Pro 12.9 (2021) 128GB 8GB RAM,91.000 ден,,https://clevershop.mk/product/apple-ipad-pro-12-9-2021-128gb-8gb-ram/,?add-to-cart=18701
46,Apple iPhone 11 128GB 4GB RAM,42.990 ден,,https://clevershop.mk/product/apple-iphone-11-128gb-4gb-ram/,?add-to-cart=18937
47,Apple iPhone 11 64GB 4GB RAM,38.990 ден,31.990 ден,https://clevershop.mk/product/apple-iphone-11/,?add-to-cart=18562
48,Apple iPhone 12 128GB 4GB RAM,49.990 ден,,https://clevershop.mk/product/apple-iphone-12-128gb-4gb-ram/,?add-to-cart=20023
49,Apple iPhone 12 64GB 4GB RAM,39.990 ден,,https://clevershop.mk/product/apple-iphone-12/,?add-to-cart=18640
50,Apple iPhone 12 mini 128GB 4GB RAM,39.990 ден,,https://clevershop.mk/product/apple-iphone-12-mini-128gb-4gb-ram/,?add-to-cart=20449
51,Apple iPhone 13 128GB 4GB RAM,53.990 ден,47.990 ден,https://clevershop.mk/product/apple-iphone-13/,?add-to-cart=18520
52,Apple iPhone 13 256GB 4GB RAM,60.190 ден,,https://clevershop.mk/product/apple-iphone-13-256gb-4gb-ram/,?add-to-cart=20019
53,Apple iPhone 13 mini 128GB 4GB,48.990 ден,45.990 ден,https://clevershop.mk/product/apple-iphone-13-mini/,?add-to-cart=18661
54,Apple iPhone 13 Pro 128GB 6GB RAM,66.990 ден,,https://clevershop.mk/product/apple-iphone-13-pro/,?add-to-cart=18526
55,Apple iPhone 13 Pro 256GB 6GB RAM,78.090 ден,,https://clevershop.mk/product/apple-iphone-13-pro-256gb-6gb-ram/,?add-to-cart=20015
56,Apple iPhone 13 Pro Max 128GB 6GB RAM,75.990 ден,,https://clevershop.mk/product/apple-iphone-13-pro-max/,?add-to-cart=18555
57,Apple iPhone 13 Pro Max 256GB 6GB RAM,84.290 ден,,https://clevershop.mk/product/apple-iphone-13-pro-max-256gb-6gb-ram/,?add-to-cart=18924
58,Apple iPhone 14 128GB 6GB RAM,59.990 ден,54.990 ден,https://clevershop.mk/product/apple-iphone-14-128gb-6gb-ram/,?add-to-cart=22870
59,Apple iPhone 14 Plus 128GB 6GB RAM,59.990 ден,,https://clevershop.mk/product/apple-iphone-14-plus-128gb-6gb-ram/,?add-to-cart=22878
60,Apple iPhone 14 Pro 128GB 6GB RAM,89.990 ден,79.990 ден,https://clevershop.mk/product/apple-iphone-14-pro-128gb-6gb-ram/,?add-to-cart=22884
61,Apple iPhone 14 Pro Max 128GB 6GB RAM,89.990 ден,84.990 ден,https://clevershop.mk/product/apple-iphone-14-pro-max-128gb-6gb-ram/,?add-to-cart=22891
62,Apple iPhone 14 Pro Max 256GB 6GB RAM,105.000 ден,96.990 ден,https://clevershop.mk/product/apple-iphone-14-pro-max-256gb-6gb-ram/,?add-to-cart=23600
63,Apple iPhone SE 128GB 3GB RAM,29.690 ден,,https://clevershop.mk/product/apple-iphone-se-2020-128gb-3gb-ram/,?add-to-cart=18691
64,Apple iPhone SE 64GB 3GB RAM,32.990 ден,,https://clevershop.mk/product/apple-iphone-se-2020-64gb-3gb-ram/,?add-to-cart=18945
65,Apple Watch Series 7,28.990 ден,,https://clevershop.mk/product/apple-watch-series-7/,?add-to-cart=19657
66,Asus E410MA,10.990 ден,,https://clevershop.mk/product/asus-e410ma/,?add-to-cart=22702
67,ASUS ROG GL531GT-XS53,44.990 ден,,https://clevershop.mk/product/asus-rog-gl531gt-xs53/,?add-to-cart=20931
68,Asus ROG Strix G15 Advantage Edition G513,112.990 ден,,https://clevershop.mk/product/asus-rog-strix-g15-advantage-edition-g513/,?add-to-cart=21336
69,Asus TUF Gaming F15 FX506LH,39.990 ден,,https://clevershop.mk/product/asus-tuf-gaming-f15-fx506lh/,?add-to-cart=21950
70,ASUS TUF Gaming F17 FX706HEB,59.990 ден,,https://clevershop.mk/product/asus-tuf-gaming-f17-fx706heb/,?add-to-cart=20967
71,ASUS TUF Gaming NVIDIA GeForce RTX 3070 V2 OC Edition Video Card,75.990 ден,,https://clevershop.mk/product/asus-tuf-gaming-nvidia-geforce-rtx-3070-v2-oc-edition-video-card/,?add-to-cart=17873
72,"DELL 23,8″ P2421D IPS LED-backlit LCD monitor",16.590 ден,,https://clevershop.mk/product/dell-238-p2421d-ips-led-backlit-lcd-monitor/,?add-to-cart=17338
73,DELL AW2521HFLA 24.5″ FHD,20.490 ден,,https://clevershop.mk/product/dell-aw2521hfla-24-5-fhd/,?add-to-cart=17415
74,DELL AW2721D 27″ QHD 2560 x 1440,39.990 ден,,https://clevershop.mk/product/dell-aw2721d-27-qhd-2560-x-1440/,?add-to-cart=17422
75,DELL Curved S2422HG 23.6″ VA LED-backlit LCD,16.590 ден,,https://clevershop.mk/product/dell-curved-s2422hg-23-6-va-led-backlit-lcd/,?add-to-cart=17393
76,Dell G15 5511 Gaming Laptop,104.990 ден,,https://clevershop.mk/product/dell-g15-5511-gaming-laptop/,?add-to-cart=21340
77,DELL Monitor E2222HS  21.5″ VA,9.490 ден,,https://clevershop.mk/product/dell-monitor-e2222hs-21-5-va/,?add-to-cart=17118
78,"DELL Monitor E2420HS, 23.8″ IPS Led AG",11.690 ден,,https://clevershop.mk/product/dell-monitor-e2420hs-23-8-ips-led-ag/,?add-to-cart=17253
79,"DELL Monitor E2720H, 27.0″",11.990 ден,,https://clevershop.mk/product/dell-monitor-e2720h-27-0/,?add-to-cart=17271
80,DELL Monitor E2720HS 27.0″,12.290 ден,,https://clevershop.mk/product/dell-monitor-e2720hs-27-0-ips-led-ag/,?add-to-cart=17260
81,"DELL Monitor P2222H, 22” Full HD",12.290 ден,,https://clevershop.mk/product/dell-monitor-p2222h-22-full-hd/,?add-to-cart=17317
82,"DELL Monitor S2721HS, 27″, IPS LED-backlit LCD",14.490 ден,,https://clevershop.mk/product/dell-monitor-s2721hs-27-ips-led-backlit-lcd/,?add-to-cart=17291
83,DELL Monitor SE2422H 23.8″,8.890 ден,,https://clevershop.mk/product/dell-monitor-se2422h-23-8/,?add-to-cart=17277
84,"DELL Monitor SE2722H, 27″ VA LED-backlit LCD",10.990 ден,,https://clevershop.mk/product/dell-monitor-se2722h-27-va-led-backlit-lcd/,?add-to-cart=17283
85,"DELL Monitor Video Conferencing S2422HZ, 24″ IPS LED-backlit LCD",20.990 ден,,https://clevershop.mk/product/dell-monitor-video-conferencing-s2422hz-24-ips-led-backlit-lcd/,?add-to-cart=17301
86,"DELL Monitor Video Conferencing S2722DZ, 27″ IPS WLED-backlit LCD",27.590 ден,,https://clevershop.mk/product/dell-monitor-video-conferencing-s2722dz-27-ips-wled-backlit-lcd/,?add-to-cart=17310
87,"DELL NB Latitude 5420,11th.Gen.Intel Core i5-1145G7(4 Core,8M cache,2.6GHz to 4.4GHz,vPro),14.0″ FHD(1920×1080)AG 250nits,16GB DDR4 non-ECC Memory,512GB M.2 PCIe NVMe Class 35 SSD,Intel Iris Xe Graphics,TB4,Wi-Fi6,BT5.1,Bckl Kb,4Cell,Win10Pro,3Y",71.990 ден,,https://clevershop.mk/product/dell-nb-latitude-542011th-gen-intel-core-i5-1145g74-core8m-cache2-6ghz-to-4-4ghzvpro14-0-fhd1920x1080ag-250nits16gb-ddr4-non-ecc-memory512gb-m-2-pcie-nvme-class-35-ssdintel-iris-xe-graph/,?add-to-cart=23124
88,"DELL NB Latitude 5420,11th.Gen.Intel Core i5-1145G7(4 Core,8M cache,2.6GHz to 4.4GHz,vPro),14.0″ FHD(1920×1080)AG 250nits,16GB DDR4 non-ECC Memory,512GB M.2 PCIe NVMe Class 35 SSD,Intel Iris Xe Graphics,TB4,Wireless,BT5.1,Bkl Kb,FP,4Cell,Ubuntu,3Y",62.990 ден,,https://clevershop.mk/product/dell-nb-latitude-542011th-gen-intel-core-i5-1145g74-core8m-cache2-6ghz-to-4-4ghzvpro14-0-fhd1920x1080ag-250nits16gb-ddr4-non-ecc-memory512gb-m-2-pcie-nvme-class-35-ssdintel-iris-xe-graph-2/,?add-to-cart=23132
89,"DELL NB Latitude 5430, 12th Gen. Intel i7-1255U(10C/12T/12MB/1.7GHz to 4.7GHz), 14″ FHD(1920×1080)AG WVA 250nits, 16GB(1x16GB) DDR4 3200MHz, 512 M.2 PCIe NVMe SSD, Intel Iris Xe Graphics, AX211 WiFi6e 2×2 AX+BT 5.2, SCR, TB4, 4cell 58WHr, Ubuntu, 3Y",72.990 ден,,https://clevershop.mk/product/dell-nb-latitude-5430-12th-gen-intel-i7-1255u10c-12t-12mb-1-7ghz-to-4-7ghz-14-fhd1920x1080ag-wva-250nits-16gb1x16gb-ddr4-3200mhz-512-m-2-pcie-nvme-ssd-intel-iris-xe-graphics-ax211-wifi6/,?add-to-cart=23091
90,"DELL NB Latitude 5431, 12th Gen.Intel Core i7-1270P vPro(12C/16T/18MB/up to 4.8GHz), 14″ FHD (1920×1080) IPS AG 250nits, 16GB (1X16GB) DDR5 4800MHz, 512GB M.2 PCIe NVMe SSD, Intel Iris Xe Graphics,WiFi6e+BT5.2,FPR,SCR,Bckl kb,4Cell 64WHr,Win11Pro,3Y",87.990 ден,,https://clevershop.mk/product/dell-nb-latitude-5431-12th-gen-intel-core-i7-1270p-vpro12c-16t-18mb-up-to-4-8ghz-14-fhd-1920x1080-ips-ag-250nits-16gb-1x16gb-ddr5-4800mhz-512gb-m-2-pcie-nvme-ssd-intel-iris-xe-graphicswi/,?add-to-cart=23080
91,"DELL NB Latitude 5520, 11th.Gen.Intel Core i5-1135G7(4 Core,8M cache,2.4GHz to 4.2GHz), 15.6″ FHD(1920×1080)AG 250nits, 8GB (1X8GB) DDR4 non-ECC, 256GB M.2 PCIe NVMe Class 35 SSD, Intel Iris Xe Graphics,TB4,SCR,Wireless,BT5.1,Bkl Kb,4Cell,Ubuntu,3Y",58.490 ден,,https://clevershop.mk/product/dell-nb-latitude-5520-11th-gen-intel-core-i5-1135g74-core8m-cache2-4ghz-to-4-2ghz-15-6-fhd1920x1080ag-250nits-8gb-1x8gb-ddr4-non-ecc-256gb-m-2-pcie-nvme-class-35-ssd-intel-iris-xe-graph/,?add-to-cart=23116
92,"DELL NB Latitude 5520, 11th.Gen.Intel Core i5-1145G7(4 Core,8M cache,2.6GHz to 4.4GHz,vPro), 15.6″ FHD(1920×1080)AG 250nits, 16GB DDR4 non-ECC, 512GB M.2 PCIe NVMe Class 35 SSD,Intel Iris Xe Graphics,TB4,FP,SCR,Wireless,BT5.1,Bckl Kb,4Cell,Ubuntu,3Y",63.990 ден,,https://clevershop.mk/product/dell-nb-latitude-5520-11th-gen-intel-core-i5-1145g74-core8m-cache2-6ghz-to-4-4ghzvpro-15-6-fhd1920x1080ag-250nits-16gb-ddr4-non-ecc-512gb-m-2-pcie-nvme-class-35-ssdintel-iris-xe-graphics-2/,?add-to-cart=23107
93,"DELL NB Latitude 5520, 11th.Gen.Intel Core i5-1145G7(4 Core,8M cache,2.6GHz to 4.4GHz,vPro), 15.6″ FHD(1920×1080)AG 250nits, 16GB DDR4 non-ECC, 512GB M.2 PCIe NVMe Class 35 SSD,Intel Iris Xe Graphics,TB4,SCR,Wireless,BT5.1,Bckl Kb,4Cell,Win10Pro,3Y",71.990 ден,,https://clevershop.mk/product/dell-nb-latitude-5520-11th-gen-intel-core-i5-1145g74-core8m-cache2-6ghz-to-4-4ghzvpro-15-6-fhd1920x1080ag-250nits-16gb-ddr4-non-ecc-512gb-m-2-pcie-nvme-class-35-ssdintel-iris-xe-graphics/,?add-to-cart=23099
94,"DELL NB Latitude 5531, 12th Gen. Intel Core i7-12800H vPro(14C/20T/24MB/up to 4.8GHz), 15.6″ FHD (1920×1080) IPS AG 250nits, 32GB (1X32GB) DDR5 4800MHz, 512GB M.2 PCIe NVMe SSD, Intel Iris Xe Graphics, WiFi6e+BT5.2, Bckl kb, 4Cell 64WHr, Win11Pro, 3Y",101.590 ден,,https://clevershop.mk/product/dell-nb-latitude-5531-12th-gen-intel-core-i7-12800h-vpro14c-20t-24mb-up-to-4-8ghz-15-6-fhd-1920x1080-ips-ag-250nits-32gb-1x32gb-ddr5-4800mhz-512gb-m-2-pcie-nvme-ssd-intel-iris-xe-graphic/,?add-to-cart=23069
95,DELL P2422H 23.8″ IPS WLED-backlit LCD,13.290 ден,,https://clevershop.mk/product/dell-p2422h-23-8-ips-wled-backlit-lcd/,?add-to-cart=17325
96,DELL P2422HE 23.8″ IPS WLED-backlit LCD,16.590 ден,,https://clevershop.mk/product/dell-p2422he-23-8-ips-wled-backlit-lcd/,?add-to-cart=17331
97,DELL P2720D 27″ IPS WLED-backlit LCD monitor,18.890 ден,,https://clevershop.mk/product/dell-p2720d-27-ips-wled-backlit-lcd-monitor/,?add-to-cart=17353
98,DELL P2722H 27″ IPS WLED-backlit LCD monitor AG,15.999 ден,,https://clevershop.mk/product/dell-p2722h-27-ips-wled-backlit-lcd-monitor-ag/,?add-to-cart=17347
99,"Dell PC Optiplex 3050 MT, Intel Core i3-7100",37.490 ден,,https://clevershop.mk/product/dell-pc-optiplex-3050-mt-intel-core-i3-7100/,?add-to-cart=17438
100,"Dell PC OptiPlex 3080 SFF, Intel Core i5-10505",40.890 ден,,https://clevershop.mk/product/dell-pc-optiplex-3080-sff-intel-core-i5-10505/,?add-to-cart=17444
101,"DELL PC OptiPlex 3090 SFF, Intel Core i5-10505",41.990 ден,,https://clevershop.mk/product/dell-pc-optiplex-3090-sff-intel-core-i5-10505-6-cores-12mb-12t-3-2ghz-to-4-6ghz-65w-8gb1x8gb-ddr4-256gb-m-2-pcie-nvme-class-35-ssd-intel-integrated-graphics-dvd-rw-dp-hdmi-2-0-ms116-mous/,?add-to-cart=23140
102,"DELL S2421HGF 23,8″ TN LED-backlit LCD",14.490 ден,,https://clevershop.mk/product/dell-s2421hgf-238-tn-led-backlit-lcd/,?add-to-cart=17386
103,DELL S2522HG 24.5″ Fast IPS LED-backlit LCD,18.690 ден,,https://clevershop.mk/product/dell-s2522hg-24-5-fast-ips-led-backlit-lcd/,?add-to-cart=17400
104,DELL S2721HGF 27″ VA LED-backlit LCD,17.590 ден,,https://clevershop.mk/product/dell-s2721hgf-27-va-led-backlit-lcd/,?add-to-cart=17407
105,"DELL U2421E 24,1″ IPS LED-backlit LCD",20.490 ден,,https://clevershop.mk/product/dell-u2421e-241-ips-led-backlit-lcd/,?add-to-cart=17358
106,DELL U2422H 23.8″ IPS WLED-backlit LCD,16.590 ден,,https://clevershop.mk/product/dell-u2422h-23-8-ips-wled-backlit-lcd/,?add-to-cart=17366
107,DELL U2722D 27″ IPS LED-backlit LCD,29.990 ден,,https://clevershop.mk/product/dell-u2722d-27-ips-led-backlit-lcd/,?add-to-cart=17373
108,DELL Vostro 3510,43.990 ден,,https://clevershop.mk/product/dell-vostro-3510/,?add-to-cart=21084
109,Epson L1110 Inkjet w/ Eco Tank System (CISS),8.190 ден,,https://clevershop.mk/product/epson-l1110-inkjet-w-eco-tank-system-ciss/,?add-to-cart=19879
110,Epson L1300 InkJet A3+ CISS System,32.350 ден,,https://clevershop.mk/product/epson-l1300-inkjet-a3-ciss-system/,?add-to-cart=19983
111,Epson L14150 Inkjet A3+ MFP LAN/WiFI w/ EcoTank System (CISS),32.590 ден,,https://clevershop.mk/product/epson-l14150-inkjet-a3-mfp-lan-wifi-w-ecotank-system-ciss/,?add-to-cart=19991
112,Epson L15160 MFP A3+ EcoTank System,67.190 ден,,https://clevershop.mk/product/epson-l15160-mfp-a3-ecotank-system/,?add-to-cart=19999
113,Epson L1800 A3+ Photo CISS System,37.590 ден,,https://clevershop.mk/product/epson-l1800-a3-photo-ciss-system/,?add-to-cart=19996
114,Epson L3211 Inkjet w/ Eco Tank System (CISS) MFP Printer,11.390 ден,,https://clevershop.mk/product/epson-l3211-inkjet-w-eco-tank-system-ciss-mfp-printer/,?add-to-cart=19882
115,Epson L3251 Inkjet w/ Eco Tank System (CISS) MFP WiFi Direct,12.490 ден,,https://clevershop.mk/product/epson-l3251-inkjet-w-eco-tank-system-ciss-mfp-wifi-direct/,?add-to-cart=19885
116,Epson L5290 Inkjet w/ INK Tank System (CISS) MFP Fax/WiFi/LAN,17.490 ден,,https://clevershop.mk/product/epson-l5290-inkjet-w-ink-tank-system-ciss-mfp-fax-wifi-lan/,?add-to-cart=19888
117,EPSON L805 Inkjet Photo w/ Ink Tank System (CISS),20.990 ден,,https://clevershop.mk/product/epson-l805-inkjet-photo-w-ink-tank-system-ciss/,?add-to-cart=19628
118,EPSON LQ-350+ kirilica,19.590 ден,,https://clevershop.mk/product/epson-lq-350-kirilica/,?add-to-cart=19894
119,EPSON LX-350+ kirilica,18.990 ден,,https://clevershop.mk/product/epson-lx-350-kirilica/,?add-to-cart=19891
120,EVGA GeForce GT 1030 SC 2GB 64-Bit GDDR5,10.990 ден,9.990 ден,https://clevershop.mk/product/evga-geforce-gt-1030-sc-2gb-64-bit-gddr5/,?add-to-cart=17841
121,Evolve III Maestro E-Book 11.6″,7.990 ден,,https://clevershop.mk/product/evolve-iii-maestro-e-book-11-6/,?add-to-cart=20308
122,Gateway GWNC31514,19.990 ден,,https://clevershop.mk/product/gateway-gwnc31514/,?add-to-cart=21184
123,Gateway GWTN156-11BK,12.990 ден,,https://clevershop.mk/product/gateway-gwtn156-11bk/,?add-to-cart=22713
124,Gigabyte GeForce RTX 3090 Turbo GDDR6X Graphics Card *High Hash Rate,199.900 ден,189.990 ден,https://clevershop.mk/product/gigabyte-geforce-rtx-3090-turbo-gddr6x-graphics-card-high-hash-rate/,?add-to-cart=17896
125,GIGABYTE GeForce RTX™ 3080 GAMING OC 10G (rev. 2.0),117.900 ден,109.990 ден,https://clevershop.mk/product/geforce-rtx-3080-gaming-oc-10g-rev-2-0/,?add-to-cart=17886
126,Google Pixel 6 128GB 8GB RAM,47.990 ден,43.990 ден,https://clevershop.mk/product/google-pixel-6/,?add-to-cart=18625
127,Google Pixel 6 Pro 256GB 12GB,69.990 ден,,https://clevershop.mk/product/google-pixel-6-pro-256gb-12gb/,?add-to-cart=18630
128,HP 14-DQ0031,12.990 ден,,https://clevershop.mk/product/hp-14-dq0031/,?add-to-cart=20957
129,HP 15-DW3138NIA,28.990 ден,,https://clevershop.mk/product/hp-15-dw3138nia/,?add-to-cart=21579
130,HP 15-dw3142nia,40.490 ден,,https://clevershop.mk/product/hp-15-dw3142nia/,?add-to-cart=21585
131,HP 15s-eq2382nia,32.990 ден,,https://clevershop.mk/product/hp-15s-eq2382nia/,?add-to-cart=21582
132,HP 250 G8 2X7T8EA,18.990 ден,,https://clevershop.mk/product/hp-250-g8-2x7t8ea/,?add-to-cart=18333
133,"HP 250 G8, 2W8Z6EA",22.990 ден,,https://clevershop.mk/product/hp-250-g8-2w8z6ea/,?add-to-cart=21557
134,"HP 250 G8, 2X7W8EA",16.990 ден,,https://clevershop.mk/product/hp-250-g8-2x7w8ea/,?add-to-cart=21548
135,"HP 255 G8, 27K51EA",22.990 ден,,https://clevershop.mk/product/hp-255-g8-27k51ea/,?add-to-cart=18512
136,"HP 255 G8, 3V5K4EA",24.990 ден,,https://clevershop.mk/product/hp-255-g8-3v5k4ea/,?add-to-cart=21565
137,HP Color Laser 150a,10.580 ден,,https://clevershop.mk/product/hp-printer-color-laser-150a/,?add-to-cart=17631
138,HP ENVY 13-BA1053NN,55.990 ден,,https://clevershop.mk/product/hp-envy-13-ba1053nn/,?add-to-cart=21591
139,HP ENVY X360 13-AY1007NN,59.990 ден,,https://clevershop.mk/product/hp-envy-x360-13-ay1007nn/,?add-to-cart=21598
140,HP Laptop 14-dq0001dx,13.990 ден,12.490 ден,https://clevershop.mk/product/hp-laptop-14-dq0001dx/,?add-to-cart=21192
141,HP LAPTOP 15S-FQ2002NIA,31.990 ден,,https://clevershop.mk/product/hp-laptop-15s-fq2002nia/,?add-to-cart=21572
142,HP LAPTOP 15S-FQ2003NIA,29.990 ден,,https://clevershop.mk/product/hp-laptop-15s-fq2003nia/,?add-to-cart=21575
143,HP Laptop 15s-fq3000na,21.990 ден,,https://clevershop.mk/product/hp-laptop-15s-fq3000na/,?add-to-cart=18348
144,HP Laptop 15s-fq3001na,17.990 ден,,https://clevershop.mk/product/18341/,?add-to-cart=18341
145,HP LaserJet Pro M404dn,15.490 ден,,https://clevershop.mk/product/hp-printer-laserjet-pro-m404dn/,?add-to-cart=17628
146,HP LaserJet Pro MFP M428fdw,28.790 ден,,https://clevershop.mk/product/hp-printer-mfp-laserjet-pro-m428fdw/,?add-to-cart=17734
147,"HP MLJ M236dw, 9YF95A мултифункциски ласерски принтер",11.990 ден,,https://clevershop.mk/product/hp-mlj-m236dw-9yf95a-%d0%bc%d1%83%d0%bb%d1%82%d0%b8%d1%84%d1%83%d0%bd%d0%ba%d1%86%d0%b8%d1%81%d0%ba%d0%b8-%d0%bb%d0%b0%d1%81%d0%b5%d1%80%d1%81%d0%ba%d0%b8-%d0%bf%d1%80%d0%b8%d0%bd%d1%82%d0%b5%d1%80/,?add-to-cart=23298
148,HP P24 G4 23.8″ Full HD LCD Monitor,8.190 ден,,https://clevershop.mk/product/hp-p24-g4-23-8-full-hd-lcd-monitor/,?add-to-cart=21713
149,HP Pav Gaming Desktop TG01,44.990 ден,,https://clevershop.mk/product/hp-pav-gaming-desktop-tg01/,?add-to-cart=21785
150,HP PAV X360 14-DY1000NA,60.990 ден,,https://clevershop.mk/product/21594/,?add-to-cart=21594
151,HP PAV X360 14-DY1005NA,46.990 ден,,https://clevershop.mk/product/hp-pav-x360-14-dy1005na/,?add-to-cart=21588
152,HP Pavilion Gaming Laptop 15-dk2111nia,74.490 ден,,https://clevershop.mk/product/hp-pavilion-gaming-laptop-15-dk2111nia/,?add-to-cart=21377
153,HP Printer Color LaserJet Pro MFP M283fdw,27.990 ден,,https://clevershop.mk/product/hp-printer-color-laserjet-pro-mfp-m283fdw/,?add-to-cart=17741
154,HP Printer LaserJet M211d,9.790 ден,,https://clevershop.mk/product/hp-printer-laserjet-m211d/,?add-to-cart=17638
155,HP Printer LaserJet M211dw,10.690 ден,,https://clevershop.mk/product/hp-printer-laserjet-m211dw/,?add-to-cart=17649
156,HP Printer LaserJet Pro M404dw,17.890 ден,,https://clevershop.mk/product/hp-laserjet-pro-m404dw-wireless-monochrome-laser-printer-with-duplexing/,?add-to-cart=17658
157,HP Smart Tank 515 Wireless All-in-One,11.490 ден,,https://clevershop.mk/product/hp-smart-tank-515-wireless-all-in-one/,?add-to-cart=23302
158,HP VICTUS 15-FA0031 Laptop Gaming,47.990 ден,,https://clevershop.mk/product/hp-victus-15-fa0031-laptop-gaming/,?add-to-cart=21199
159,HP Victus Gaming Laptop 16-e0009nia,67.990 ден,,https://clevershop.mk/product/hp-victus-gaming-laptop-16-e0009nia/,?add-to-cart=21357
160,HP Victus Laptop 16-d0002nia,65.490 ден,,https://clevershop.mk/product/hp-victus-laptop-16-d0002nia/,?add-to-cart=21368
161,HP Victus Laptop 16-e0003nia,59.990 ден,,https://clevershop.mk/product/hp-victus-laptop-16-e0003nia/,?add-to-cart=21366
162,Huawei P50 Pocket 256GB 8GB RAM,89.690 ден,,https://clevershop.mk/product/huawei-p50-pocket-256gb-8gb-ram/,?add-to-cart=18790
163,Huawei P50 Pro 256GB 8GB RAM,71.990 ден,,https://clevershop.mk/product/huawei-p50-pro-256gb-8gb-ram/,?add-to-cart=18794
164,Huawei Watch 3 Pro,27.990 ден,,https://clevershop.mk/product/huawei-watch-3-pro/,?add-to-cart=19661
165,Huawei Watch GT 3  4GB 32MB RAM,16.990 ден,,https://clevershop.mk/product/huawei-watch-gt-3-4gb-32mb-ram/,?add-to-cart=19646
166,Lenovo 100e Windows 2nd Gen 81M80035US 11.6″ Netbook,8.490 ден,,https://clevershop.mk/product/lenovo-100e-windows-2nd-gen-81m80035us-11-6%e2%80%b3-netbook/,?add-to-cart=22697
167,Lenovo 14w Gen 2,11.490 ден,,https://clevershop.mk/product/lenovo-14w-gen-2/,?add-to-cart=20954
168,Lenovo 3 15ITL6 Core I3-1115G4,27.990 ден,,https://clevershop.mk/product/lenovo-3-15itl6-core-i3-1115g4/,?add-to-cart=20362
169,Lenovo IdeaCentre 3 PC DT 3 07IAB7,23.990 ден,,https://clevershop.mk/product/lenovo-ideacentre-3-pc-dt-3-07iab7/,?add-to-cart=21796
170,Lenovo IdeaCentre 5 PC DT 5 07IAB7,35.990 ден,,https://clevershop.mk/product/lenovo-ideacentre-5-pc-dt-5-07iab7/,?add-to-cart=21793
171,Lenovo IdeaPad 3 15ALC6,37.490 ден,,https://clevershop.mk/product/lenovo-ideapad-3-15alc6/,?add-to-cart=21605
172,LENOVO IdeaPad 3 15ITL6,24.590 ден,,https://clevershop.mk/product/lenovo-ideapad-3-15itl6/,?add-to-cart=21488
173,LENOVO IdeaPad 3 15ITL6 ( GRAY ),23.990 ден,,https://clevershop.mk/product/lenovo-ideapad-3-15itl6-gray/,?add-to-cart=21602
174,Lenovo IdeaPad Gaming 3 15ACH6,50.990 ден,,https://clevershop.mk/product/lenovo-ideapad-gaming-3-15ach6/,?add-to-cart=21384
175,Lenovo IdeaPad Gaming 3 15IHU6,59.990 ден,,https://clevershop.mk/product/lenovo-ideapad-gaming-3-15ihu6/,?add-to-cart=21370
176,Lenovo Laptop IdeaPad 1,10.490 ден,,https://clevershop.mk/product/lenovo-laptop-ideapad-1/,?add-to-cart=22707
177,"LENOVO M10 (TB-X505L), WiFi/4G  GPS BT4.2, OctaCore, 10″ IPS HD 1280 x 800, 2GB, 32GB flash, 5MP cam +2MP front, MicroSD, MicroUSB, Android, Black",8.890 ден,,https://clevershop.mk/product/lenovo-m10-tb-x505l-wifi-4g-gps-bt4-2-octacore-10-ips-hd-1280-x-800-2gb-32gb-flash-5mp-cam-2mp-front-microsd-microusb-android-black/,?add-to-cart=16551
178,"LENOVO M10 HD (2nd Gen),WiFi  GPS BT5.0, OctaCore, 10″ IPS HD 1280 x 800, 4GB, 64GB flash, 8MP cam +5MP front, MicroSD, MicroUSB, Android, Iron Grey",9.590 ден,,https://clevershop.mk/product/lenovo-m10-hd-2nd-genwifi-gps-bt5-0-octacore-10-ips-hd-1280-x-800-4gb-64gb-flash-8mp-cam-5mp-front-microsd-microusb-android-iron-grey/,?add-to-cart=16556
179,"LENOVO M10 HD (2nd Gen),WiFi/4G  GPS BT5.0, OctaCore, 10″ IPS HD 1280 x 800, 4GB, 64GB flash, 8MP cam +5MP front, MicroSD, MicroUSB, Android, Iron Grey",10.880 ден,,https://clevershop.mk/product/lenovo-m10-hd-2nd-genwifi-4g-gps-bt5-0-octacore-10-ips-hd-1280-x-800-4gb-64gb-flash-8mp-cam-5mp-front-microsd-microusb-android-iron-grey/,?add-to-cart=16563
180,"LENOVO M8 (TB-8505X), Iron grey, WiFi, 4G LTE, GPS BT5.0, MediaTek Helio",7.490 ден,,https://clevershop.mk/product/lenovo-m8-tb-8505x-iron-grey-wifi-4g-lte-gps-bt5-0-mediatek-helio/,?add-to-cart=16544
181,MSGW GAMER I5-10400 GTX1660TI,53.690 ден,49.990 ден,https://clevershop.mk/product/msgw-gamer-i5-10400-gtx1660ti/,?add-to-cart=19868
182,MSGW I3-10100 RX550-4GB 256GB SSD/1TB,39.290 ден,,https://clevershop.mk/product/msgw-i3-10100-rx550-4gb-256gb-ssd-1tb/,?add-to-cart=19876
183,MSGW i3-10105 8GB 240GB SSD WIN10Home,23.190 ден,,https://clevershop.mk/product/msgw-i3-10105-8gb-240gb-ssd-win10home/,?add-to-cart=19858
184,MSGW i7-11700F RX6600XT 1TB SSD 2TB HDD,89.990 ден,86.990 ден,https://clevershop.mk/product/msgw-i7-11700f-rx6600xt-1tb-ssd-2tb-hdd/,?add-to-cart=19873
185,MSGW OFFICE 10100/8GB/SSD 256GB,17.490 ден,,https://clevershop.mk/product/msgw-office-10100-8gb-ssd-256gb/,?add-to-cart=21638
186,MSGW OFFICE 10100/8GB/SSD 256GB,16.990 ден,,https://clevershop.mk/product/msgw-office-10100-8gb-ssd-256gb-2/,?add-to-cart=21651
187,MSI GeForce RTX 3060 VENTUS 3X 12G OC,57.990 ден,56.990 ден,https://clevershop.mk/product/msi-geforce-rtx-3060-ventus-3x-12g-oc/,?add-to-cart=17861
188,MSI GF63 Thin  Gaming,47.990 ден,,https://clevershop.mk/product/msi-gf63-thin-gaming/,?add-to-cart=21324
189,Nokia 106 (2018),1.490 ден,,https://clevershop.mk/product/nokia-106-2018/,?add-to-cart=23539
190,Nokia 150 (2020),2.490 ден,,https://clevershop.mk/product/nokia-150-2020/,?add-to-cart=23543
191,OnePlus 10 Pro 256GB 12GB RAM,55.990 ден,,https://clevershop.mk/product/oneplus-10-pro-256gb-12gb-ram/,?add-to-cart=19320
192,OnePlus 9 5G 128GB 6GB RAM,35.990 ден,,https://clevershop.mk/product/oneplus-9-256gb-12gb-ram/,?add-to-cart=19008
193,OnePlus 9 Pro 256GB 8GB RAM,49.990 ден,,https://clevershop.mk/product/oneplus-9-pro-256gb-8gb-ram/,?add-to-cart=20516
194,OnePlus Nord 256GB 12GB RAM,28.990 ден,,https://clevershop.mk/product/oneplus-nord-256gb-12gb-ram/,?add-to-cart=20533
195,OnePlus Nord N10 128GB 6GB RAM,23.990 ден,,https://clevershop.mk/product/oneplus-nord-n10-128gb-6gb-ram/,?add-to-cart=20539
196,Oukitel C19 Pro,6.290 ден,,https://clevershop.mk/product/oukitel-c19-pro/,?add-to-cart=24593
197,Oukitel C32,9.490 ден,,https://clevershop.mk/product/oukitel-c32/,?add-to-cart=24610
198,Oukitel WP20,8.490 ден,,https://clevershop.mk/product/oukitel-wp20/,?add-to-cart=24634
199,Oukitel WP20 Pro,9.890 ден,,https://clevershop.mk/product/oukitel-wp20-pro/,?add-to-cart=24674
200,PC HP OMEN 25L GT12,81.490 ден,,https://clevershop.mk/product/pc-hp-omen-25l-gt12/,?add-to-cart=21788
201,RAZER Blade 17 Gaming,132.990 ден,,https://clevershop.mk/product/razer-blade-17-gaming/,?add-to-cart=21351
202,SAMSUNG A7 LITE 32GB,11.990 ден,,https://clevershop.mk/product/samsung-a7-lite-32gb/,?add-to-cart=17812
203,Samsung Galaxy A03 32GB 3GB RAM,8.990 ден,8.490 ден,https://clevershop.mk/product/samsung-galaxy-a03-32gb-2gb-ram/,?add-to-cart=19178
204,Samsung Galaxy A03 64GB 4GB RAM,9.490 ден,,https://clevershop.mk/product/samsung-galaxy-a03-64gb-4gb-ram/,?add-to-cart=22568
205,Samsung Galaxy A03 Core 32GB 2GB RAM,6.490 ден,,https://clevershop.mk/product/samsung-galaxy-a03-core-32gb-2gb-ram/,?add-to-cart=22562
206,Samsung Galaxy A04s,8.490 ден,,https://clevershop.mk/product/samsung-galaxy-a04s/,?add-to-cart=23878
207,Samsung Galaxy A12 64GB 4GB RAM,11.490 ден,,https://clevershop.mk/product/samsung-galaxy-a12/,?add-to-cart=18609
208,Samsung Galaxy A13 64GB 4GB RAM,14.290 ден,9.990 ден,https://clevershop.mk/product/samsung-galaxy-a13-64gb-4gb-ram/,?add-to-cart=19060
209,SAMSUNG Galaxy A22 128GB 6GB RAM,18.490 ден,,https://clevershop.mk/product/samsung-galaxy-a22-128gb-6gb-ram/,?add-to-cart=18881
210,Samsung Galaxy A22 5G 64GB 4GB RAM,15.290 ден,11.990 ден,https://clevershop.mk/product/samsung-galaxy-a22-5g-64gb-4gb-ram/,?add-to-cart=18965
211,Samsung Galaxy A23 5G 64GB 4GB RAM,12.990 ден,,https://clevershop.mk/product/samsung-galaxy-a23-5g-64gb-4gb-ram/,?add-to-cart=23749
212,Samsung Galaxy A23 64GB 4GB RAM,17.690 ден,,https://clevershop.mk/product/samsung-galaxy-a23-64gb-4gb-ram/,?add-to-cart=19049
213,SAMSUNG Galaxy A32 128GB 4GB RAM,18.290 ден,13.990 ден,https://clevershop.mk/product/samsung-galaxy-a32-128gb-6gb-ram/,?add-to-cart=18957
214,Samsung Galaxy A33 5G 128GB 6GB RAM,19.490 ден,17.990 ден,https://clevershop.mk/product/samsung-galaxy-a33-5g-128gb-6gb-ram/,?add-to-cart=21124
215,Samsung Galaxy A52 128GB 6GB RAM,19.490 ден,,https://clevershop.mk/product/samsung-galaxy-a52-128gb-6gb-ram/,?add-to-cart=21135
216,Samsung Galaxy A52s 5G 128GB 6GB RAM,22.990 ден,19.990 ден,https://clevershop.mk/product/samsung-galaxy-a52s-5g/,?add-to-cart=18646
217,Samsung Galaxy A53 5G 128GB 6GB RAM,21.990 ден,,https://clevershop.mk/product/samsung-galaxy-a53-5g-128gb-6gb-ram/,?add-to-cart=19181
218,Samsung Galaxy A53 5G 128GB 8GB RAM,29.990 ден,,https://clevershop.mk/product/samsung-galaxy-a53-5g-128gb-8gb-ram/,?add-to-cart=19038
219,Samsung Galaxy A72 128GB 8GB RAM,29.190 ден,26.990 ден,https://clevershop.mk/product/samsung-galaxy-a72-128gb-8gb-ram/,?add-to-cart=18763
220,Samsung Galaxy M32 128GB 6GB RAM,16.890 ден,15.990 ден,https://clevershop.mk/product/samsung-galaxy-m32-128gb-6gb-ram/,?add-to-cart=18770
221,Samsung Galaxy M62 256GB 8GB RAM,25.390 ден,,https://clevershop.mk/product/samsung-galaxy-m62-256gb-8gb-ram/,?add-to-cart=18972
222,Samsung Galaxy Note20 256GB 8GB RAM,48.990 ден,46.990 ден,https://clevershop.mk/product/samsung-galaxy-note20-256gb-8gb-ram/,?add-to-cart=18745
223,Samsung Galaxy Note20 Ultra 5G 256GB 12GB RAM,59.990 ден,57.690 ден,https://clevershop.mk/product/samsung-galaxy-note20-ultra-5g-128gb-12gb-ram/,?add-to-cart=18754
224,Samsung Galaxy S20 FE 128GB 6GB RAM,26.990 ден,,https://clevershop.mk/product/samsung-galaxy-s20-fe-128gb-6gb-ram/,?add-to-cart=19156
225,Samsung Galaxy S20 FE 5G 128GB 8GB RAM,32.490 ден,,https://clevershop.mk/product/samsung-galaxy-s20-fe-5g-128gb-8gb-ram/,?add-to-cart=18978
226,Samsung Galaxy S21 5G 128GB 8GB RAM,39.590 ден,,https://clevershop.mk/product/samsung-galaxy-s21-5g-128gb-8gb-ram-2/,?add-to-cart=21144
227,Samsung Galaxy S21 FE 5G 128GB 6GB RAM,33.990 ден,,https://clevershop.mk/product/samsung-galaxy-s21-fe-5g-128gb-6gb-ram/,?add-to-cart=19166
228,Samsung Galaxy S21 FE 5G 128GB 8GB RAM,38.790 ден,,https://clevershop.mk/product/samsung-galaxy-s21-fe-5g-128gb-8gb-ram/,?add-to-cart=18717
229,Samsung Galaxy S21 Ultra 5G 128GB 12GB RAM,60.490 ден,,https://clevershop.mk/product/samsung-galaxy-s21-ultra-5g-128gb-12gb-ram/,?add-to-cart=18736
230,Samsung Galaxy S21 Ultra 5G 256GB 12GB RAM,63.990 ден,,https://clevershop.mk/product/samsung-galaxy-s21-ultra-5g-256gb-12gb-ram/,?add-to-cart=20036
231,Samsung Galaxy S21+ 5G 128GB 8GB RAM,49.490 ден,,https://clevershop.mk/product/samsung-galaxy-s21-5g-128gb-8gb-ram/,?add-to-cart=18727
232,Samsung Galaxy S21+ 5G 256GB 8GB RAM,54.790 ден,,https://clevershop.mk/product/samsung-galaxy-s21-5g-256gb-8gb-ram/,?add-to-cart=19984
233,Samsung Galaxy S22 128GB 8GB RAM,57.990 ден,39.990 ден,https://clevershop.mk/product/samsung-galaxy-s22/,?add-to-cart=18530
234,Samsung Galaxy S22 Ultra 5G 128GB 8GB RAM,59.990 ден,,https://clevershop.mk/product/samsung-galaxy-s22-ultra-5g-128gb-8gb-ram/,?add-to-cart=23588
235,Samsung Galaxy S22 Ultra 5G 256GB 12GB RAM,63.990 ден,,https://clevershop.mk/product/samsung-galaxy-s22-ultra-5g-128gb-12gb-ram/,?add-to-cart=19906
236,Samsung Galaxy S22+ 5G 256GB 8GB RAM,67.990 ден,64.990 ден,https://clevershop.mk/product/samsung-galaxy-s22-5g/,?add-to-cart=18570
237,Samsung Galaxy Tab S7 FE,38.690 ден,,https://clevershop.mk/product/samsung-galaxy-tab-s7-fe/,?add-to-cart=21838
238,Samsung Galaxy Tab S8 Ultra 128GB 8GB RAM,76.990 ден,,https://clevershop.mk/product/samsung-galaxy-tab-s8-ultra-128gb-8gb-ram/,?add-to-cart=20905
239,Samsung Galaxy Watch3  8GB 1GB RAM,13.990 ден,,https://clevershop.mk/product/samsung-galaxy-watch3-8gb-1gb-ram/,?add-to-cart=19638
240,Samsung Galaxy Watch4,15.990 ден,,https://clevershop.mk/product/samsung-galaxy-watch4/,?add-to-cart=19673
241,Samsung Galaxy Z Flip3 5G 128GB 8GB RAM,49.990 ден,43.990 ден,https://clevershop.mk/product/samsung-galaxy-z-flip3-5g-8-128gb/,?add-to-cart=17530
242,Samsung Galaxy Z Flip4 256 GB 8GB RAM,56.990 ден,52.990 ден,https://clevershop.mk/product/samsung-galaxy-z-flip4-128gb-8gb-ram/,?add-to-cart=22550
243,Samsung Galaxy Z Fold3 5G 256GB 12GB RAM,84.990 ден,79.990 ден,https://clevershop.mk/product/samsung-galaxy-z-fold3-5g-256gb-12gb-ram/,?add-to-cart=18991
244,Samsung Galaxy Z Fold4 256GB 12GB RAM,103.990 ден,85.990 ден,https://clevershop.mk/product/samsung-galaxy-z-flip4-5g-256gb-12gb-ram/,?add-to-cart=22540
245,SAMSUNG M12 black  4GB/128 GB,12.990 ден,,https://clevershop.mk/product/samsung-m12-black-4gb-64-gb/,?add-to-cart=17510
246,Samsung S6 Lite WiFi only 128GB blue,23.990 ден,,https://clevershop.mk/product/samsung-s6-lite-wifi-only-128gb-blue/,?add-to-cart=17821
247,Victus 15L Gaming DT TG02,79.990 ден,,https://clevershop.mk/product/victus-15l-gaming-dt-tg02-0004nh-pc/,?add-to-cart=21781
248,Vivo X60 Pro 256GB 12GB RAM,36.990 ден,,https://clevershop.mk/product/vivo-x60-pro/,?add-to-cart=19331
249,Xiaomi 11T 128GB 8GB RAM,31.990 ден,29.990 ден,https://clevershop.mk/product/xiaomi-11t/,?add-to-cart=18621
250,Xiaomi 11T Pro 128GB 8GB RAM,34.590 ден,,https://clevershop.mk/product/xiaomi-11t-pro-128gb-8gb-ram/,?add-to-cart=19097
251,Xiaomi 12 256GB 8GB RAM,44.990 ден,,https://clevershop.mk/product/xiaomi-12-256gb-8gb-ram/,?add-to-cart=19600
252,Xiaomi 12X  128GB 8GB RAM,38.990 ден,34.990 ден,https://clevershop.mk/product/xiaomi-12x-128gb-8gb-ram/,?add-to-cart=20849
253,XIAOMI Black Shark 4  8GB/128GB,33.490 ден,,https://clevershop.mk/product/xiaomi-black-shark-4-8gb-128gb/,?add-to-cart=17568
254,Xiaomi Mi 10 5G 128GB 8GB RAM,31.990 ден,,https://clevershop.mk/product/xiaomi-mi-10-5g-128gb-8gb-ram/,?add-to-cart=18826
255,Xiaomi Mi 10 Lite 5G 64GB 6GB RAM,19.890 ден,,https://clevershop.mk/product/xiaomi-mi-10-lite-5g-64gb-6gb-ram/,?add-to-cart=18870
256,Xiaomi Mi 10T Pro 5G 256GB 8GB RAM,34.290 ден,,https://clevershop.mk/product/xiaomi-mi-10t-pro-5g-256gb-8gb-ram/,?add-to-cart=18851
257,Xiaomi Mi 11 Ultra 256GB 12GB RAM,61.990 ден,59.990 ден,https://clevershop.mk/product/xiaomi-mi-11-ultra/,?add-to-cart=18616
258,Xiaomi Mi 9 Lite 64GB 4GB RAM,9.990 ден,,https://clevershop.mk/product/xiaomi-mi-9-lite-64gb-4gb-ram/,?add-to-cart=19268
259,Xiaomi Pad 5 128GB 6GB RAM,32.290 ден,,https://clevershop.mk/product/xiaomi-pad-5-128gb-6gb-ram/,?add-to-cart=18861
260,Xiaomi Poco F3 128GB 6GB RAM,20.990 ден,,https://clevershop.mk/product/xiaomi-poco-f3-128gb-6gb-ram/,?add-to-cart=19213
261,Xiaomi Poco F3 256GB 8GB RAM,26.990 ден,,https://clevershop.mk/product/xiaomi-poco-f3-256gb-8gb-ram/,?add-to-cart=18842
262,Xiaomi Poco M4 Pro 5G 64GB 4GB RAM,13.990 ден,12.990 ден,https://clevershop.mk/product/xiaomi-poco-m4-pro-64gb-6gb-ram/,?add-to-cart=20475
263,Xiaomi Poco X3 NFC 128GB 6GB RAM,14.990 ден,,https://clevershop.mk/product/xiaomi-poco-x3-nfc-128gb-6gb-ram/,?add-to-cart=19221
264,Xiaomi Poco X3 Pro 128GB 6GB RAM,15.990 ден,13.990 ден,https://clevershop.mk/product/xiaomi-poco-x3-pro-128gb-6gb-ram/,?add-to-cart=19232
265,Xiaomi Poco X3 Pro 128GB 8GB RAM,15.490 ден,,https://clevershop.mk/product/xiaomi-poco-x3-pro-128gb-8gb-ram/,?add-to-cart=22773
266,Xiaomi Redmi 9C NFC 32GB 2GB RAM,7.490 ден,,https://clevershop.mk/product/xiaomi-redmi-9c-nfc-32gb-2gb-ram/,?add-to-cart=19241
267,Xiaomi Redmi Note 10 128GB 6GB RAM,14.990 ден,,https://clevershop.mk/product/xiaomi-redmi-note-10-128gb-6gb-ram/,?add-to-cart=20468
268,Xiaomi Redmi Note 10 Pro 128GB 6GB RAM,18.990 ден,14.990 ден,https://clevershop.mk/product/xiaomi-redmi-note-10-pro-128gb-6gb-ram/,?add-to-cart=20459
269,Xiaomi Redmi Note 11 64GB 4GB RAM,14.990 ден,13.990 ден,https://clevershop.mk/product/xiaomi-redmi-note-11-64gb-4gb-ram/,?add-to-cart=18817
270,Xiaomi Redmi Note 11 64GB 4GB RAM,13.990 ден,,https://clevershop.mk/product/xiaomi-redmi-note-11-64gb-4gb-ram-2/,?add-to-cart=19258
271,Xiaomi Redmi Note 11 Pro 128GB 6GB RAM,20.990 ден,,https://clevershop.mk/product/xiaomi-redmi-note-11-pro/,?add-to-cart=19247
272,Xiaomi Redmi Note 11T 5G 128GB 6GB RAM,17.990 ден,,https://clevershop.mk/product/xiaomi-redmi-note-11t-5g-128gb-6gb-ram/,?add-to-cart=19204
273,ZOTAC GAMING GeForce GTX 1650 OC GDDR6,23.990 ден,,https://clevershop.mk/product/zotac-gaming-geforce-gtx-1650-oc-gddr6/,?add-to-cart=17849
274,24G2U5/BK 23.8″ IPS 75Hz 1920 x 1080,9.190 ден,,https://clevershop.mk/product/24g2u5-bk-23-8-ips-1920-x-1080-75hz/,?add-to-cart=12148
275,27V2Q 27″ IPS 75Hz 1920 x 1080,9.990 ден,,https://clevershop.mk/product/27v2q-27-ips-1920-x-1080-75hz/,?add-to-cart=12153
276,AOC 27G2U/BK 27″ IPS 144Hz 1920 x 1080,12.600 ден,,https://clevershop.mk/product/aoc-27g2u-bk-27-ips-1920-x-1080-144hz/,?add-to-cart=12119
277,AOC C27G2U/BK 27″ Full HD VA FreeSync Premium 165Hz Curved Gaming Monitor,12.915 ден,,https://clevershop.mk/product/aoc-c27g2u-bk-27-full-hd-va-freesync-premium-165hz-curved-gaming-monitor/,?add-to-cart=12557
278,AOC C27G2ZE/BK 27″ VA 240Hz 1920 x 1080,15.890 ден,,https://clevershop.mk/product/aoc-c27g2ze-bk-27-ips-240hz-1920-x-1080/,?add-to-cart=12221
279,AOC CQ27G2U/BK 27″ VA 144Hz 2560×1440,14.858 ден,,https://clevershop.mk/product/aoc-cq27g2u-bk-27-va-144hz-2560x1440/,?add-to-cart=12260
280,Bakeey Z19 SMART часовник,1.990 ден,,https://clevershop.mk/product/bakeey-z19-smart-%d1%87%d0%b0%d1%81%d0%be%d0%b2%d0%bd%d0%b8%d0%ba/,?add-to-cart=11274
281,"Acer Aspire 3 A317-33, NX.A6TEX.00A",26.490 ден,,https://clevershop.mk/product/hp-205-g4-22-all-in-one-pc-9ug19ea/,?add-to-cart=17221
282,Acer Chromebook 11 CB311-9H-C4XC NX.HKFAA.007,11.990 ден,,https://clevershop.mk/product/acer-chromebook-11-cb311-9h-c4xc-nx-hkfaa-007/,?add-to-cart=13124
283,Acer Nitro 5 AN515-55 NH.Q7MEX.00R,47.990 ден,,https://clevershop.mk/product/acer-nitro-5-an515-55-nh-q7mex-00r/,?add-to-cart=17235
284,Acer Predator Triton 500 SE PT516-51s,107.990 ден,,https://clevershop.mk/product/acer-predator-triton-500-se-pt516-51s-intel-windows-10-home-intel-core-i7-11800h-24-ghz-core-8-16gb-16-wqxga-ips-ssdgb-512-m-2-pcie-nvme-nvidia-rtx-3070-8gb-802-11a-b-g-n-bluetooth-5/,?add-to-cart=17241
285,"ACER Swift 1 (SF114-33-P3EE), Silver",25.990 ден,21.990 ден,https://clevershop.mk/product/notebook-acer-swift-1-sf114-33-p3ee-silver-14-fhd-ips-intel-pentium-silver-processor-n5030-8gb-ddr4-256gb-nvme-ssd-4xusb-figerprint-camera-hdmi-bt-linux/,?add-to-cart=16939
286,"ACER Swift 1 (SF114-33-P629), Gold",27.990 ден,21.990 ден,https://clevershop.mk/product/acer-swift-1-sf114-33-p629-gold-14-fhd-ips-intel-pentium-silver-processor-n5030-8gb-ddr4-256gb-nvme-ssd-4xusb-figerprint-camera-hdmi-bt-linux/,?add-to-cart=16946
287,"ACER SWiIFT 3, SF314-511-56XT, Silver, 14” FHD, Intel® Core™ i5-1135G7, 16G DDR4, 512GB SSD, 1xUSB Type-C / Thunderbolt™ 4, 1xUSB 3.2, Figerprint, Camera, HDMI,  BT, Linux",44.990 ден,,https://clevershop.mk/product/acer-swiift-3-sf314-511-56xt-silver-14-fhd-intel-core-i5-1135g7-16g-ddr4-512gb-ssd-1xusb-type-c-thunderbolt-4-1xusb-3-2-figerprint-camera-hdmi-bt-linux/,?add-to-cart=16978
288,Asus VivoBook X413JA-211.VBWB,25.990 ден,19.990 ден,https://clevershop.mk/product/asus-vivobook-x413ja-211-vbwb/,?add-to-cart=12999
289,"DELL NB Latitude 5520, 11th Intel Core i5-1135G7 (4C/8T/8MB/2.4GHz), 15.6″ FHD (1920×1080) 250nits, 8GB DDR4, M.2 256GB PCIe NVMe, FPR Reader, SmartCard Reader, TB4, Cam+Mic, 4Cell 63WHr, 65W Type-C, AX201+BT5.1, WLAN/WWAN, Backlit kbd, Win10Pro, 3Y",62.690 ден,,https://clevershop.mk/product/dell-nb-latitude-5520-11th-intel-core-i5-1135g7-4c-8t-8mb-2-4ghz-15-6-fhd-1920x1080-250nits-8gb-ddr4-m-2-256gb-pcie-nvme-fpr-reader-smartcard-reader-tb4-cammic-4cell-63whr-65w-type-c/,?add-to-cart=17156
290,"DELL NB Vostro 3515, AMD Ryzen™ 3 3250U (2 Core,4M cache,2.6GHz to 3.5GHz), 15.6″ FHD(1920×1080) WVA AG 220 nits, 8GB(1x8GB) DDR4, 256GB M.2 PCIe NVMe SSD, Integrated graphics with AMD APU, Wi-Fi, BT5.0, Bckl Kb, 3-Cell, Ubuntu 20.04, Carbon Black,3Y",27.990 ден,,https://clevershop.mk/product/dell-nb-vostro-3515-amd-ryzen-3-3250u-2-core4m-cache2-6ghz-to-3-5ghz-15-6-fhd1920x1080-wva-ag-220-nits-8gb1x8gb-ddr4-256gb-m-2-pcie-nvme-ssd-integrated-graphics-with-amd-apu-w/,?add-to-cart=17066
291,"DELL NB Vostro 3515, AMD Ryzen™ 5 3450U (4 Core,4M cache,2.1GHz to 3.5GHz), 15.6″ FHD (1920×1080) WVA AG 220 nits, 8GB (1x8GB) DDR4, 512GB M.2 PCIe NVMe SSD, AMD Radeon Vega 8 Graphics, Wi-Fi, BT, 3cell 41WHr, Ubuntu 20.04, Carbon Black, 3Y",33.990 ден,,https://clevershop.mk/product/dell-nb-vostro-3515-amd-ryzen-5-3450u-4-core4m-cache2-1ghz-to-3-5ghz-15-6-fhd-1920x1080-wva-ag-220-nits-8gb-1x8gb-ddr4-512gb-m-2-pcie-nvme-ssd-amd-radeon-vega-8-graphics-wi-fi/,?add-to-cart=17071
292,"HP Chromebook 11A-NB0013 11.6″ 4GB 32GB Intel Celeron N3350 X2 1.1GHz Chrome OS, Ash Gray",11.990 ден,10.990 ден,https://clevershop.mk/product/hp-chromebook-11a-nb0013-11-6-4gb-32gb-intel-celeron-n3350-x2-1-1ghz-chrome-os-ash-gray/,?add-to-cart=16676
293,"HP NB OMEN 15-en0011nia, Ryzen 5-4600H hexa, 15.6” FHD Antiglare ultraslim IPS 144Hz Narrow Border, 8GB DDR4 2DM 3200, 512GB PCIe SSD, Nvidia GeForce 1650Ti 4GB, Win10 Home, Mica Silver, 3Y",65.390 ден,,https://clevershop.mk/product/hp-nb-omen-15-en0011nia-ryzen-5-4600h-hexa-15-6-fhd-antiglare-ultraslim-ips-144hz-narrow-border-8gb-ddr4-2dm-3200-512gb-pcie-ssd-nvidia-geforce-1650ti-4gb-win10-home-mica-silver-3y/,?add-to-cart=17202
294,"Tablet PC, Veidoo 10 Inch Android Tablet, 10.1 inch IPS Screen, Dual Camera, WiFi/GPS/OTG/Bluetooth, 3G Phone Call Dual SIM Card Slots, 2GB RAM, 32GB Storage, 5000mAh Battery",5.990 ден,5.290 ден,https://clevershop.mk/product/tablet-pc-veidoo-10-inch-android-tablet-10-1-inch-ips-screen-dual-camera-wifi-gps-otg-bluetooth-3g-phone-call-dual-sim-card-slots-2gb-ram-32gb-storage-5000mah-battery/,?add-to-cart=13085
295,FS200 Mini Portable SSD – USB3.1,999 ден,2.490 ден,https://clevershop.mk/product/fs200-mini-portable-ssd-usb3-1/,https://clevershop.mk/product/fs200-mini-portable-ssd-usb3-1/
296,G2590FX 24.5″ TN 144Hz 1920 x 1080,11.490 ден,,https://clevershop.mk/product/g2590fx-24-5-tn-1920-x-1080-144hz/,?add-to-cart=12166
297,HP 27″ 3WL54AA QHD 144 Hz 2560 x 1440,21.090 ден,,https://clevershop.mk/product/hp-27%e2%80%b3-3wl54aa-qhd-144-hz-2560-x-1440/,?add-to-cart=12311
298,"HP OMEN X gaming display 25″, 4WH47AA",17.990 ден,,https://clevershop.mk/product/hp-omen-x-gaming-display-25-4wh47aa/,?add-to-cart=12413
299,Lemfo LEM1995 SMART женска бразлетна,1.990 ден,,https://clevershop.mk/product/lemfo-lem1995-smart-%d0%b6%d0%b5%d0%bd%d1%81%d0%ba%d0%b0-%d0%b1%d1%80%d0%b0%d0%b7%d0%bb%d0%b5%d1%82%d0%bd%d0%b0/,?add-to-cart=11279
300,LG 27” QHD Ergo IPS Monitor with USB Type-C™,23.990 ден,,https://clevershop.mk/product/lg-27-qhd-ergo-ips-monitor-with-usb-type-c/,?add-to-cart=12561
301,MON 15.6 AOC I1601FWUX,10.990 ден,,https://clevershop.mk/product/mon-15-6-aoc-i1601fwux/,?add-to-cart=12599
302,MON 24 ASUS VG249Q FHD IPS Gaming 144Hz HDMI DP FreeSync,14.990 ден,,https://clevershop.mk/product/mon-24-asus-vg249q-fhd-ips-gaming-144hz-hdmi-dp-freesync/,?add-to-cart=12590
303,"Acer ED270R 27″ Black 1920 x 1080 Widescreen 16:9 165Hz Refresh Rate AMD FreeSync Premium Technology, 2x HDMI, DisplayPort Curved LED Gaming Monitor",14.390 ден,,https://clevershop.mk/product/acer-ed270r-27-black-1920-x-1080-widescreen-169-165hz-refresh-rate-amd-freesync-premium-technology-2x-hdmi-displayport-curved-led-gaming-monitor/,?add-to-cart=17058
304,"Acer ED323QUR Abidpx 31.5 Inches WQHD (2560 x 1440) Curved 1800R VA Gaming Monitor with AMD Radeon FREESYNC Technology – 4ms; 144Hz Refresh Rate; Display Port, HDMI Port & DVI Port, Black",21.290 ден,,https://clevershop.mk/product/acer-ed323qur-abidpx-31-5-inches-wqhd-2560-x-1440-curved-1800r-va-gaming-monitor-with-amd-radeon-freesync-technology-4ms-144hz-refresh-rate-display-port-hdmi-port-dvi-port-black/,?add-to-cart=17043
305,"Acer Nitro VG271U Pbmiipx 27″ WQHD (2560 x 1440) IPS AMD Radeon FREESYNC Gaming Monitor, 144Hz, VESA Certified Display HDR400, DCI-P3, (2 x HDMI 2.0 Ports & 1 x Display Port), Black",19.790 ден,,https://clevershop.mk/product/acer-nitro-vg271u-pbmiipx-27-wqhd-2560-x-1440-ips-amd-radeon-freesync-gaming-monitor-144hz-vesa-certified-display-hdr400-dci-p3-2-x-hdmi-2-0-ports-1-x-display-port-black/,?add-to-cart=17035
306,"ACER Nitro VG272SBMIIPX, 27″ LED IPS FHD, 165Hz, min 0,5ms (GtoG) 2x2W speakers Black",14.390 ден,,https://clevershop.mk/product/acer-nitro-vg272sbmiipx-27-led-ips-fhd-165hz-min-05ms-gtog-2x2w-speakers-black/,?add-to-cart=17003
307,"ACER Nitro XV240Y Pbmiiprx 23.8″ LED IPS FHD, 165Hz, min 0,1ms (GtoG), 1000:1, 250nits",12.890 ден,,https://clevershop.mk/product/acer-nitro-xv240y-pbmiiprx-23-8-led-ips-fhd-165hz-min-01ms-gtog-10001-250nits/,?add-to-cart=17051
308,"ACER Nitro XV252QZBMIIPRX 24.5″ LED IPS FHD, up to 280Hz, min 0,5ms (GtoG) 1000:1 400nits HDMI DP Height adj. Pivot  Black",18.790 ден,,https://clevershop.mk/product/acer-nitro-xv252qzbmiiprx-24-5-led-ips-fhd-up-to-280hz-min-05ms-gtog-10001-400nits-hdmi-dp-height-adj-pivot-black/,?add-to-cart=17011
309,"ACER R270SI  27” LED IPS FHD, ZeroFrame, 1ms VRB, Flicker-less,1000:1, 250nits, HDMI, Black",9.890 ден,,https://clevershop.mk/product/acer-r270si-27-led-ips-fhd-zeroframe-1ms-vrb-flicker-less10001-250nits-hdmi-black/,?add-to-cart=17019
310,"ACER V277BIP 27” LED IPS FHD, ZeroFrame, 4ms, Flicker-less,1000:1, 250nits, HDMI, DP, Black",9.390 ден,,https://clevershop.mk/product/acer-v277bip-27-led-ips-fhd-zeroframe-4ms-flicker-less10001-250nits-hdmi-dp-black/,?add-to-cart=17026
311,MON 27 AOC AG273QCX,27.190 ден,,https://clevershop.mk/product/mon-15-6-aoc-i1601fwux-copy/,?add-to-cart=12646
312,MON 27 LG 27GN850-B QHD IPS 1MS 144HZ HDMI,29.990 ден,,https://clevershop.mk/product/mon-27-lg-27gn850-b-qhd-ips-1ms-144hz-hdmi/,?add-to-cart=12543
313,MON 27 Philips 272B7QUPBEB/00 with USB-C Dock,20.590 ден,,https://clevershop.mk/product/mon-27-philips-272b7qupbeb-00-with-usb-c-dock/,?add-to-cart=12619
314,MON 27 Philips 272V8A/00,10.590 ден,,https://clevershop.mk/product/mon-27-philips-272v8a-00/,?add-to-cart=12638
315,Monitor 27 Philips 272E1GAJ/00 VA 1ms 144Hz,12.890 ден,,https://clevershop.mk/product/monitor-27-philips-272e1gaj-00-va-1ms-144hz/,?add-to-cart=12618
316,Philips 24″ 243V7QDSB,8.390 ден,,https://clevershop.mk/product/philips-24%e2%80%b3-243v7qdsb/,?add-to-cart=12396
317,Philips 27″ 278E1A/00 4K UHD IPS,18.990 ден,,https://clevershop.mk/product/hp-27%e2%80%b3-278e1a-00-4k-uhd-ips/,?add-to-cart=12218
318,Philips 279C9-00 MON LED 27″ 3840 x 2160 5Ms 60Hz 4K UHD,26.990 ден,,https://clevershop.mk/product/philips-279c9-00-mon-led-27-3840-x-2160-5ms-60hz-4k-uhd/,?add-to-cart=12578
319,Xiaomi Redmi AirDots Wireless,990 ден,,https://clevershop.mk/product/redmi-headphones/,?add-to-cart=10663
